,Monday,Tuesday,Wednesday,Thursday,Friday,Saturday,Sunday,Server,Host,Runner,Busser,Bar-back,Bar,Days
Ryo,0,1,1,1,1,1,0,0,0,0,0,0,4,4
Joji,1,1,1,1,1,1,1,0,0,0,0,0,3,3
Erinn,1,1,1,1,1,1,1,0,1,0,0,2,0,2
Masa,1,1,1,1,1,1,0,2,5,1,0,0,1,5
Mari,1,1,1,1,1,1,1,3,2,1,0,0,0,4
Dan,1,1,0,1,0,1,1,3,0,0,0,0,0,2
Jay,1,1,1,1,1,0,0,2,0,0,0,0,0,2
Machiko,0,1,0,0,1,0,0,2,0,1,0,0,0,2
Masami,1,1,1,1,1,1,1,3,0,0,0,0,0,3
Nana,1,1,1,1,1,1,1,3,0,1,0,0,0,3
Shiho,1,1,1,1,1,1,1,4,0,4,4,0,0,4
Saya,1,1,0,1,1,1,1,0,0,2,0,0,0,2
Stephanie,0,0,0,0,1,1,0,0,0,2,0,0,0,2
Tamiko,1,1,0,0,0,0,1,2,0,2,0,0,0,2
Tomoyo,1,1,1,1,1,1,1,0,0,0,3,0,0,3
