,Server,Host,Runner,Busser,Bar-back,Bar,Pref. Emp.,Pos. Pref.,Diff.
Ryo,0,0,0,0,0,4,1,6,4
Joji,0,0,0,0,0,3,0,6,3
Erinn,0,1,0,0,2,0,0,5,2
Masa,2,5,1,0,0,1,1,2,5
Mari,3,2,1,0,0,0,0,1,4
Dan,3,0,0,0,0,0,1,1,2
Jay,2,0,0,0,0,0,0,1,2
Machiko,2,0,1,0,0,0,1,1,2
Masami,3,0,0,0,0,0,1,1,3
Nana,3,0,1,0,0,0,0,1,3
Shiho,4,0,4,4,0,0,0,4,4
Saya,0,0,2,0,0,0,1,3,2
Stephanie,0,0,2,0,0,0,1,3,2
Tamiko,2,0,2,0,0,0,0,1,2
Tomoyo,0,0,0,3,0,0,0,3,3
Naoko,1,1,1,1,1,1,1,1,3
